userId,total_carts,total_items,total_amount,usuarios,products
6,1,10.0,1749.9,Olivia,[]
11,1,19.0,11741.310000000001,Liam,"[{'id': 11, 'title': 'Annibale Colombo Bed', 'description': 'The Annibale Colombo Bed is a luxurious and elegant bed frame, crafted with high-quality materials for a comfortable and stylish bedroom.', 'category': 'furniture', 'price': 1899.99, 'discountPercentage': 8.57, 'rating': 4.77, 'stock': 88, 'tags': ['furniture', 'beds'], 'brand': 'Annibale Colombo', 'sku': 'FUR-ANN-ANN-011', 'weight': 10, 'warrantyInformation': '1 year warranty', 'shippingInformation': 'Ships in 1 month', 'availabilityStatus': 'In Stock', 'reviews': [{'rating': 2, 'comment': 'Would not recommend!', 'date': '2025-04-30T09:41:02.053Z', 'reviewerName': 'Christopher West', 'reviewerEmail': 'christopher.west@x.dummyjson.com'}, {'rating': 4, 'comment': 'Highly impressed!', 'date': '2025-04-30T09:41:02.053Z', 'reviewerName': 'Vivian Carter', 'reviewerEmail': 'vivian.carter@x.dummyjson.com'}, {'rating': 1, 'comment': 'Poor quality!', 'date': '2025-04-30T09:41:02.053Z', 'reviewerName': 'Mason Wright', 'reviewerEmail': 'mason.wright@x.dummyjson.com'}], 'returnPolicy': 'No return policy', 'minimumOrderQuantity': 1, 'images': ['https://cdn.dummyjson.com/product-images/furniture/annibale-colombo-bed/1.webp', 'https://cdn.dummyjson.com/product-images/furniture/annibale-colombo-bed/2.webp', 'https://cdn.dummyjson.com/product-images/furniture/annibale-colombo-bed/3.webp'], 'thumbnail': 'https://cdn.dummyjson.com/product-images/furniture/annibale-colombo-bed/thumbnail.webp', 'dimensions.width': 28.16, 'dimensions.height': 25.36, 'dimensions.depth': 17.28, 'meta.createdAt': '2025-04-30T09:41:02.053Z', 'meta.updatedAt': '2025-04-30T09:41:02.053Z', 'meta.barcode': '3610757456581', 'meta.qrCode': 'https://cdn.dummyjson.com/public/qr-code.png'}, {'id': 30, 'title': 'Kiwi', 'description': 'Nutrient-rich kiwi, perfect for snacking or adding a tropical twist to your dishes.', 'category': 'groceries', 'price': 2.49, 'discountPercentage': 15.22, 'rating': 4.93, 'stock': 99, 'tags': ['fruits'], 'brand': nan, 'sku': 'GRO-BRD-KIW-030', 'weight': 5, 'warrantyInformation': '6 months warranty', 'shippingInformation': 'Ships overnight', 'availabilityStatus': 'In Stock', 'reviews': [{'rating': 4, 'comment': 'Highly recommended!', 'date': '2025-04-30T09:41:02.053Z', 'reviewerName': 'Emily Brown', 'reviewerEmail': 'emily.brown@x.dummyjson.com'}, {'rating': 2, 'comment': 'Would not buy again!', 'date': '2025-04-30T09:41:02.053Z', 'reviewerName': 'Jackson Morales', 'reviewerEmail': 'jackson.morales@x.dummyjson.com'}, {'rating': 4, 'comment': 'Fast shipping!', 'date': '2025-04-30T09:41:02.053Z', 'reviewerName': 'Nora Russell', 'reviewerEmail': 'nora.russell@x.dummyjson.com'}], 'returnPolicy': '7 days return policy', 'minimumOrderQuantity': 30, 'images': ['https://cdn.dummyjson.com/product-images/groceries/kiwi/1.webp'], 'thumbnail': 'https://cdn.dummyjson.com/product-images/groceries/kiwi/thumbnail.webp', 'dimensions.width': 19.4, 'dimensions.height': 18.67, 'dimensions.depth': 17.13, 'meta.createdAt': '2025-04-30T09:41:02.053Z', 'meta.updatedAt': '2025-04-30T09:41:02.053Z', 'meta.barcode': '2530169917252', 'meta.qrCode': 'https://cdn.dummyjson.com/public/qr-code.png'}]"
23,1,14.0,15685.859999999999,Chloe,"[{'id': 6, 'title': 'Calvin Klein CK One', 'description': ""CK One by Calvin Klein is a classic unisex fragrance, known for its fresh and clean scent. It's a versatile fragrance suitable for everyday wear."", 'category': 'fragrances', 'price': 49.99, 'discountPercentage': 1.89, 'rating': 4.37, 'stock': 29, 'tags': ['fragrances', 'perfumes'], 'brand': 'Calvin Klein', 'sku': 'FRA-CAL-CAL-006', 'weight': 7, 'warrantyInformation': '1 week warranty', 'shippingInformation': 'Ships overnight', 'availabilityStatus': 'In Stock', 'reviews': [{'rating': 2, 'comment': 'Very disappointed!', 'date': '2025-04-30T09:41:02.053Z', 'reviewerName': 'Layla Young', 'reviewerEmail': 'layla.young@x.dummyjson.com'}, {'rating': 4, 'comment': 'Fast shipping!', 'date': '2025-04-30T09:41:02.053Z', 'reviewerName': 'Daniel Cook', 'reviewerEmail': 'daniel.cook@x.dummyjson.com'}, {'rating': 3, 'comment': 'Not as described!', 'date': '2025-04-30T09:41:02.053Z', 'reviewerName': 'Jacob Cooper', 'reviewerEmail': 'jacob.cooper@x.dummyjson.com'}], 'returnPolicy': '90 days return policy', 'minimumOrderQuantity': 9, 'images': ['https://cdn.dummyjson.com/product-images/fragrances/calvin-klein-ck-one/1.webp', 'https://cdn.dummyjson.com/product-images/fragrances/calvin-klein-ck-one/2.webp', 'https://cdn.dummyjson.com/product-images/fragrances/calvin-klein-ck-one/3.webp'], 'thumbnail': 'https://cdn.dummyjson.com/product-images/fragrances/calvin-klein-ck-one/thumbnail.webp', 'dimensions.width': 29.36, 'dimensions.height': 27.76, 'dimensions.depth': 20.72, 'meta.createdAt': '2025-04-30T09:41:02.053Z', 'meta.updatedAt': '2025-04-30T09:41:02.053Z', 'meta.barcode': '2451534060749', 'meta.qrCode': 'https://cdn.dummyjson.com/public/qr-code.png'}, {'id': 18, 'title': 'Cat Food', 'description': 'Nutritious cat food formulated to meet the dietary needs of your feline friend.', 'category': 'groceries', 'price': 8.99, 'discountPercentage': 9.58, 'rating': 3.13, 'stock': 46, 'tags': ['pet supplies', 'cat food'], 'brand': nan, 'sku': 'GRO-BRD-FOO-018', 'weight': 10, 'warrantyInformation': '1 year warranty', 'shippingInformation': 'Ships overnight', 'availabilityStatus': 'In Stock', 'reviews': [{'rating': 3, 'comment': 'Would not recommend!', 'date': '2025-04-30T09:41:02.053Z', 'reviewerName': 'Noah Lewis', 'reviewerEmail': 'noah.lewis@x.dummyjson.com'}, {'rating': 3, 'comment': 'Very unhappy with my purchase!', 'date': '2025-04-30T09:41:02.053Z', 'reviewerName': 'Ruby Andrews', 'reviewerEmail': 'ruby.andrews@x.dummyjson.com'}, {'rating': 2, 'comment': 'Very disappointed!', 'date': '2025-04-30T09:41:02.053Z', 'reviewerName': 'Ethan Thompson', 'reviewerEmail': 'ethan.thompson@x.dummyjson.com'}], 'returnPolicy': 'No return policy', 'minimumOrderQuantity': 18, 'images': ['https://cdn.dummyjson.com/product-images/groceries/cat-food/1.webp'], 'thumbnail': 'https://cdn.dummyjson.com/product-images/groceries/cat-food/thumbnail.webp', 'dimensions.width': 18.08, 'dimensions.height': 9.26, 'dimensions.depth': 21.86, 'meta.createdAt': '2025-04-30T09:41:02.053Z', 'meta.updatedAt': '2025-04-30T09:41:02.053Z', 'meta.barcode': '1483991328610', 'meta.qrCode': 'https://cdn.dummyjson.com/public/qr-code.png'}]"
33,1,15.0,103774.85,,[]
41,1,13.0,793.07,,[]
42,1,4.0,251.95999999999998,,[]
59,1,13.0,933.87,,[]
66,1,8.0,459.92,,[]
75,1,11.0,190.89,,"[{'id': 16, 'title': 'Apple', 'description': 'Fresh and crisp apples, perfect for snacking or incorporating into various recipes.', 'category': 'groceries', 'price': 1.99, 'discountPercentage': 12.62, 'rating': 4.19, 'stock': 8, 'tags': ['fruits'], 'brand': nan, 'sku': 'GRO-BRD-APP-016', 'weight': 9, 'warrantyInformation': '3 year warranty', 'shippingInformation': 'Ships in 2 weeks', 'availabilityStatus': 'In Stock', 'reviews': [{'rating': 5, 'comment': 'Very satisfied!', 'date': '2025-04-30T09:41:02.053Z', 'reviewerName': 'Sophia Brown', 'reviewerEmail': 'sophia.brown@x.dummyjson.com'}, {'rating': 1, 'comment': 'Very dissatisfied!', 'date': '2025-04-30T09:41:02.053Z', 'reviewerName': 'Scarlett Bowman', 'reviewerEmail': 'scarlett.bowman@x.dummyjson.com'}, {'rating': 3, 'comment': 'Very unhappy with my purchase!', 'date': '2025-04-30T09:41:02.053Z', 'reviewerName': 'William Gonzalez', 'reviewerEmail': 'william.gonzalez@x.dummyjson.com'}], 'returnPolicy': '90 days return policy', 'minimumOrderQuantity': 7, 'images': ['https://cdn.dummyjson.com/product-images/groceries/apple/1.webp'], 'thumbnail': 'https://cdn.dummyjson.com/product-images/groceries/apple/thumbnail.webp', 'dimensions.width': 13.66, 'dimensions.height': 11.01, 'dimensions.depth': 9.73, 'meta.createdAt': '2025-04-30T09:41:02.053Z', 'meta.updatedAt': '2025-04-30T09:41:02.053Z', 'meta.barcode': '7962803553314', 'meta.qrCode': 'https://cdn.dummyjson.com/public/qr-code.png'}]"
86,1,11.0,145651.89,,[]
87,1,17.0,456.83000000000004,,[]
90,1,22.0,3534.78,,[]
94,1,18.0,586.8199999999999,,"[{'id': 16, 'title': 'Apple', 'description': 'Fresh and crisp apples, perfect for snacking or incorporating into various recipes.', 'category': 'groceries', 'price': 1.99, 'discountPercentage': 12.62, 'rating': 4.19, 'stock': 8, 'tags': ['fruits'], 'brand': nan, 'sku': 'GRO-BRD-APP-016', 'weight': 9, 'warrantyInformation': '3 year warranty', 'shippingInformation': 'Ships in 2 weeks', 'availabilityStatus': 'In Stock', 'reviews': [{'rating': 5, 'comment': 'Very satisfied!', 'date': '2025-04-30T09:41:02.053Z', 'reviewerName': 'Sophia Brown', 'reviewerEmail': 'sophia.brown@x.dummyjson.com'}, {'rating': 1, 'comment': 'Very dissatisfied!', 'date': '2025-04-30T09:41:02.053Z', 'reviewerName': 'Scarlett Bowman', 'reviewerEmail': 'scarlett.bowman@x.dummyjson.com'}, {'rating': 3, 'comment': 'Very unhappy with my purchase!', 'date': '2025-04-30T09:41:02.053Z', 'reviewerName': 'William Gonzalez', 'reviewerEmail': 'william.gonzalez@x.dummyjson.com'}], 'returnPolicy': '90 days return policy', 'minimumOrderQuantity': 7, 'images': ['https://cdn.dummyjson.com/product-images/groceries/apple/1.webp'], 'thumbnail': 'https://cdn.dummyjson.com/product-images/groceries/apple/thumbnail.webp', 'dimensions.width': 13.66, 'dimensions.height': 11.01, 'dimensions.depth': 9.73, 'meta.createdAt': '2025-04-30T09:41:02.053Z', 'meta.updatedAt': '2025-04-30T09:41:02.053Z', 'meta.barcode': '7962803553314', 'meta.qrCode': 'https://cdn.dummyjson.com/public/qr-code.png'}]"
108,1,13.0,16775.87,,[]
118,1,2.0,412.98,,"[{'id': 4, 'title': 'Red Lipstick', 'description': 'The Red Lipstick is a classic and bold choice for adding a pop of color to your lips. With a creamy and pigmented formula, it provides a vibrant and long-lasting finish.', 'category': 'beauty', 'price': 12.99, 'discountPercentage': 12.16, 'rating': 4.36, 'stock': 91, 'tags': ['beauty', 'lipstick'], 'brand': 'Chic Cosmetics', 'sku': 'BEA-CHI-LIP-004', 'weight': 1, 'warrantyInformation': '3 year warranty', 'shippingInformation': 'Ships in 1 week', 'availabilityStatus': 'In Stock', 'reviews': [{'rating': 4, 'comment': 'Great product!', 'date': '2025-04-30T09:41:02.053Z', 'reviewerName': 'Liam Garcia', 'reviewerEmail': 'liam.garcia@x.dummyjson.com'}, {'rating': 5, 'comment': 'Great product!', 'date': '2025-04-30T09:41:02.053Z', 'reviewerName': 'Ruby Andrews', 'reviewerEmail': 'ruby.andrews@x.dummyjson.com'}, {'rating': 5, 'comment': 'Would buy again!', 'date': '2025-04-30T09:41:02.053Z', 'reviewerName': 'Clara Berry', 'reviewerEmail': 'clara.berry@x.dummyjson.com'}], 'returnPolicy': '7 days return policy', 'minimumOrderQuantity': 40, 'images': ['https://cdn.dummyjson.com/product-images/beauty/red-lipstick/1.webp'], 'thumbnail': 'https://cdn.dummyjson.com/product-images/beauty/red-lipstick/thumbnail.webp', 'dimensions.width': 18.11, 'dimensions.height': 28.38, 'dimensions.depth': 22.17, 'meta.createdAt': '2025-04-30T09:41:02.053Z', 'meta.updatedAt': '2025-04-30T09:41:02.053Z', 'meta.barcode': '9467746727219', 'meta.qrCode': 'https://cdn.dummyjson.com/public/qr-code.png'}]"
134,1,20.0,7431.3,,"[{'id': 8, 'title': ""Dior J'adore"", 'description': ""J'adore by Dior is a luxurious and floral fragrance, known for its blend of ylang-ylang, rose, and jasmine. It embodies femininity and sophistication."", 'category': 'fragrances', 'price': 89.99, 'discountPercentage': 14.72, 'rating': 3.8, 'stock': 98, 'tags': ['fragrances', 'perfumes'], 'brand': 'Dior', 'sku': 'FRA-DIO-DIO-008', 'weight': 4, 'warrantyInformation': '1 week warranty', 'shippingInformation': 'Ships in 2 weeks', 'availabilityStatus': 'In Stock', 'reviews': [{'rating': 5, 'comment': 'Great value for money!', 'date': '2025-04-30T09:41:02.053Z', 'reviewerName': 'Nicholas Bailey', 'reviewerEmail': 'nicholas.bailey@x.dummyjson.com'}, {'rating': 4, 'comment': 'Great value for money!', 'date': '2025-04-30T09:41:02.053Z', 'reviewerName': 'Penelope Harper', 'reviewerEmail': 'penelope.harper@x.dummyjson.com'}, {'rating': 4, 'comment': 'Great product!', 'date': '2025-04-30T09:41:02.053Z', 'reviewerName': 'Emma Miller', 'reviewerEmail': 'emma.miller@x.dummyjson.com'}], 'returnPolicy': '7 days return policy', 'minimumOrderQuantity': 10, 'images': [""https://cdn.dummyjson.com/product-images/fragrances/dior-j'adore/1.webp"", ""https://cdn.dummyjson.com/product-images/fragrances/dior-j'adore/2.webp"", ""https://cdn.dummyjson.com/product-images/fragrances/dior-j'adore/3.webp""], 'thumbnail': ""https://cdn.dummyjson.com/product-images/fragrances/dior-j'adore/thumbnail.webp"", 'dimensions.width': 27.67, 'dimensions.height': 28.28, 'dimensions.depth': 11.83, 'meta.createdAt': '2025-04-30T09:41:02.053Z', 'meta.updatedAt': '2025-04-30T09:41:02.053Z', 'meta.barcode': '1445086097250', 'meta.qrCode': 'https://cdn.dummyjson.com/public/qr-code.png'}, {'id': 28, 'title': 'Ice Cream', 'description': 'Creamy and delicious ice cream, available in various flavors for a delightful treat.', 'category': 'groceries', 'price': 5.49, 'discountPercentage': 8.69, 'rating': 3.39, 'stock': 27, 'tags': ['desserts'], 'brand': nan, 'sku': 'GRO-BRD-CRE-028', 'weight': 1, 'warrantyInformation': '1 month warranty', 'shippingInformation': 'Ships in 2 weeks', 'availabilityStatus': 'In Stock', 'reviews': [{'rating': 5, 'comment': 'Very pleased!', 'date': '2025-04-30T09:41:02.053Z', 'reviewerName': 'Elijah Cruz', 'reviewerEmail': 'elijah.cruz@x.dummyjson.com'}, {'rating': 4, 'comment': 'Excellent quality!', 'date': '2025-04-30T09:41:02.053Z', 'reviewerName': 'Jace Smith', 'reviewerEmail': 'jace.smith@x.dummyjson.com'}, {'rating': 5, 'comment': 'Highly impressed!', 'date': '2025-04-30T09:41:02.053Z', 'reviewerName': 'Sadie Morales', 'reviewerEmail': 'sadie.morales@x.dummyjson.com'}], 'returnPolicy': 'No return policy', 'minimumOrderQuantity': 42, 'images': ['https://cdn.dummyjson.com/product-images/groceries/ice-cream/1.webp', 'https://cdn.dummyjson.com/product-images/groceries/ice-cream/2.webp', 'https://cdn.dummyjson.com/product-images/groceries/ice-cream/3.webp', 'https://cdn.dummyjson.com/product-images/groceries/ice-cream/4.webp'], 'thumbnail': 'https://cdn.dummyjson.com/product-images/groceries/ice-cream/thumbnail.webp', 'dimensions.width': 14.83, 'dimensions.height': 15.07, 'dimensions.depth': 24.2, 'meta.createdAt': '2025-04-30T09:41:02.053Z', 'meta.updatedAt': '2025-04-30T09:41:02.053Z', 'meta.barcode': '0788954559076', 'meta.qrCode': 'https://cdn.dummyjson.com/public/qr-code.png'}]"
140,1,12.0,222.88,,"[{'id': 2, 'title': 'Eyeshadow Palette with Mirror', 'description': ""The Eyeshadow Palette with Mirror offers a versatile range of eyeshadow shades for creating stunning eye looks. With a built-in mirror, it's convenient for on-the-go makeup application."", 'category': 'beauty', 'price': 19.99, 'discountPercentage': 18.19, 'rating': 2.86, 'stock': 34, 'tags': ['beauty', 'eyeshadow'], 'brand': 'Glamour Beauty', 'sku': 'BEA-GLA-EYE-002', 'weight': 9, 'warrantyInformation': '1 year warranty', 'shippingInformation': 'Ships in 2 weeks', 'availabilityStatus': 'In Stock', 'reviews': [{'rating': 5, 'comment': 'Great product!', 'date': '2025-04-30T09:41:02.053Z', 'reviewerName': 'Savannah Gomez', 'reviewerEmail': 'savannah.gomez@x.dummyjson.com'}, {'rating': 4, 'comment': 'Awesome product!', 'date': '2025-04-30T09:41:02.053Z', 'reviewerName': 'Christian Perez', 'reviewerEmail': 'christian.perez@x.dummyjson.com'}, {'rating': 1, 'comment': 'Poor quality!', 'date': '2025-04-30T09:41:02.053Z', 'reviewerName': 'Nicholas Bailey', 'reviewerEmail': 'nicholas.bailey@x.dummyjson.com'}], 'returnPolicy': '7 days return policy', 'minimumOrderQuantity': 20, 'images': ['https://cdn.dummyjson.com/product-images/beauty/eyeshadow-palette-with-mirror/1.webp'], 'thumbnail': 'https://cdn.dummyjson.com/product-images/beauty/eyeshadow-palette-with-mirror/thumbnail.webp', 'dimensions.width': 9.26, 'dimensions.height': 22.47, 'dimensions.depth': 27.67, 'meta.createdAt': '2025-04-30T09:41:02.053Z', 'meta.updatedAt': '2025-04-30T09:41:02.053Z', 'meta.barcode': '9170275171413', 'meta.qrCode': 'https://cdn.dummyjson.com/public/qr-code.png'}]"
141,1,13.0,192.87,,"[{'id': 1, 'title': 'Essence Mascara Lash Princess', 'description': 'The Essence Mascara Lash Princess is a popular mascara known for its volumizing and lengthening effects. Achieve dramatic lashes with this long-lasting and cruelty-free formula.', 'category': 'beauty', 'price': 9.99, 'discountPercentage': 10.48, 'rating': 2.56, 'stock': 99, 'tags': ['beauty', 'mascara'], 'brand': 'Essence', 'sku': 'BEA-ESS-ESS-001', 'weight': 4, 'warrantyInformation': '1 week warranty', 'shippingInformation': 'Ships in 3-5 business days', 'availabilityStatus': 'In Stock', 'reviews': [{'rating': 3, 'comment': 'Would not recommend!', 'date': '2025-04-30T09:41:02.053Z', 'reviewerName': 'Eleanor Collins', 'reviewerEmail': 'eleanor.collins@x.dummyjson.com'}, {'rating': 4, 'comment': 'Very satisfied!', 'date': '2025-04-30T09:41:02.053Z', 'reviewerName': 'Lucas Gordon', 'reviewerEmail': 'lucas.gordon@x.dummyjson.com'}, {'rating': 5, 'comment': 'Highly impressed!', 'date': '2025-04-30T09:41:02.053Z', 'reviewerName': 'Eleanor Collins', 'reviewerEmail': 'eleanor.collins@x.dummyjson.com'}], 'returnPolicy': 'No return policy', 'minimumOrderQuantity': 48, 'images': ['https://cdn.dummyjson.com/product-images/beauty/essence-mascara-lash-princess/1.webp'], 'thumbnail': 'https://cdn.dummyjson.com/product-images/beauty/essence-mascara-lash-princess/thumbnail.webp', 'dimensions.width': 15.14, 'dimensions.height': 13.08, 'dimensions.depth': 22.99, 'meta.createdAt': '2025-04-30T09:41:02.053Z', 'meta.updatedAt': '2025-04-30T09:41:02.053Z', 'meta.barcode': '5784719087687', 'meta.qrCode': 'https://cdn.dummyjson.com/public/qr-code.png'}]"
142,1,20.0,4794.8,,[]
147,2,29.0,7967.71,,"[{'id': 1, 'title': 'Essence Mascara Lash Princess', 'description': 'The Essence Mascara Lash Princess is a popular mascara known for its volumizing and lengthening effects. Achieve dramatic lashes with this long-lasting and cruelty-free formula.', 'category': 'beauty', 'price': 9.99, 'discountPercentage': 10.48, 'rating': 2.56, 'stock': 99, 'tags': ['beauty', 'mascara'], 'brand': 'Essence', 'sku': 'BEA-ESS-ESS-001', 'weight': 4, 'warrantyInformation': '1 week warranty', 'shippingInformation': 'Ships in 3-5 business days', 'availabilityStatus': 'In Stock', 'reviews': [{'rating': 3, 'comment': 'Would not recommend!', 'date': '2025-04-30T09:41:02.053Z', 'reviewerName': 'Eleanor Collins', 'reviewerEmail': 'eleanor.collins@x.dummyjson.com'}, {'rating': 4, 'comment': 'Very satisfied!', 'date': '2025-04-30T09:41:02.053Z', 'reviewerName': 'Lucas Gordon', 'reviewerEmail': 'lucas.gordon@x.dummyjson.com'}, {'rating': 5, 'comment': 'Highly impressed!', 'date': '2025-04-30T09:41:02.053Z', 'reviewerName': 'Eleanor Collins', 'reviewerEmail': 'eleanor.collins@x.dummyjson.com'}], 'returnPolicy': 'No return policy', 'minimumOrderQuantity': 48, 'images': ['https://cdn.dummyjson.com/product-images/beauty/essence-mascara-lash-princess/1.webp'], 'thumbnail': 'https://cdn.dummyjson.com/product-images/beauty/essence-mascara-lash-princess/thumbnail.webp', 'dimensions.width': 15.14, 'dimensions.height': 13.08, 'dimensions.depth': 22.99, 'meta.createdAt': '2025-04-30T09:41:02.053Z', 'meta.updatedAt': '2025-04-30T09:41:02.053Z', 'meta.barcode': '5784719087687', 'meta.qrCode': 'https://cdn.dummyjson.com/public/qr-code.png'}]"
150,1,14.0,35199.86,,[]
160,1,8.0,29499.92,,[]
170,1,17.0,3862.4300000000003,,"[{'id': 25, 'title': 'Green Bell Pepper', 'description': 'Fresh and vibrant green bell pepper, perfect for adding color and flavor to your dishes.', 'category': 'groceries', 'price': 1.29, 'discountPercentage': 0.16, 'rating': 3.25, 'stock': 33, 'tags': ['vegetables'], 'brand': nan, 'sku': 'GRO-BRD-GRE-025', 'weight': 2, 'warrantyInformation': '1 month warranty', 'shippingInformation': 'Ships in 1 week', 'availabilityStatus': 'In Stock', 'reviews': [{'rating': 4, 'comment': 'Highly recommended!', 'date': '2025-04-30T09:41:02.053Z', 'reviewerName': 'Avery Carter', 'reviewerEmail': 'avery.carter@x.dummyjson.com'}, {'rating': 3, 'comment': 'Would not recommend!', 'date': '2025-04-30T09:41:02.053Z', 'reviewerName': 'Henry Hill', 'reviewerEmail': 'henry.hill@x.dummyjson.com'}, {'rating': 5, 'comment': 'Excellent quality!', 'date': '2025-04-30T09:41:02.053Z', 'reviewerName': 'Addison Wright', 'reviewerEmail': 'addison.wright@x.dummyjson.com'}], 'returnPolicy': '30 days return policy', 'minimumOrderQuantity': 12, 'images': ['https://cdn.dummyjson.com/product-images/groceries/green-bell-pepper/1.webp'], 'thumbnail': 'https://cdn.dummyjson.com/product-images/groceries/green-bell-pepper/thumbnail.webp', 'dimensions.width': 15.33, 'dimensions.height': 26.65, 'dimensions.depth': 14.44, 'meta.createdAt': '2025-04-30T09:41:02.053Z', 'meta.updatedAt': '2025-04-30T09:41:02.053Z', 'meta.barcode': '2365227493323', 'meta.qrCode': 'https://cdn.dummyjson.com/public/qr-code.png'}]"
172,1,14.0,568.36,,"[{'id': 26, 'title': 'Green Chili Pepper', 'description': 'Spicy green chili pepper, ideal for adding heat to your favorite recipes.', 'category': 'groceries', 'price': 0.99, 'discountPercentage': 1.0, 'rating': 3.66, 'stock': 3, 'tags': ['vegetables'], 'brand': nan, 'sku': 'GRO-BRD-GRE-026', 'weight': 7, 'warrantyInformation': '2 year warranty', 'shippingInformation': 'Ships in 1 week', 'availabilityStatus': 'Low Stock', 'reviews': [{'rating': 4, 'comment': 'Great product!', 'date': '2025-04-30T09:41:02.053Z', 'reviewerName': 'Luna Russell', 'reviewerEmail': 'luna.russell@x.dummyjson.com'}, {'rating': 1, 'comment': 'Waste of money!', 'date': '2025-04-30T09:41:02.053Z', 'reviewerName': 'Noah Lewis', 'reviewerEmail': 'noah.lewis@x.dummyjson.com'}, {'rating': 3, 'comment': 'Very disappointed!', 'date': '2025-04-30T09:41:02.053Z', 'reviewerName': 'Clara Berry', 'reviewerEmail': 'clara.berry@x.dummyjson.com'}], 'returnPolicy': '30 days return policy', 'minimumOrderQuantity': 39, 'images': ['https://cdn.dummyjson.com/product-images/groceries/green-chili-pepper/1.webp'], 'thumbnail': 'https://cdn.dummyjson.com/product-images/groceries/green-chili-pepper/thumbnail.webp', 'dimensions.width': 15.38, 'dimensions.height': 18.12, 'dimensions.depth': 19.92, 'meta.createdAt': '2025-04-30T09:41:02.053Z', 'meta.updatedAt': '2025-04-30T09:41:02.053Z', 'meta.barcode': '9335000538563', 'meta.qrCode': 'https://cdn.dummyjson.com/public/qr-code.png'}]"
177,1,13.0,128249.07,,[]
189,1,22.0,1464.78,,"[{'id': 5, 'title': 'Red Nail Polish', 'description': 'The Red Nail Polish offers a rich and glossy red hue for vibrant and polished nails. With a quick-drying formula, it provides a salon-quality finish at home.', 'category': 'beauty', 'price': 8.99, 'discountPercentage': 11.44, 'rating': 4.32, 'stock': 79, 'tags': ['beauty', 'nail polish'], 'brand': 'Nail Couture', 'sku': 'BEA-NAI-NAI-005', 'weight': 8, 'warrantyInformation': '1 month warranty', 'shippingInformation': 'Ships overnight', 'availabilityStatus': 'In Stock', 'reviews': [{'rating': 2, 'comment': 'Poor quality!', 'date': '2025-04-30T09:41:02.053Z', 'reviewerName': 'Benjamin Wilson', 'reviewerEmail': 'benjamin.wilson@x.dummyjson.com'}, {'rating': 5, 'comment': 'Great product!', 'date': '2025-04-30T09:41:02.053Z', 'reviewerName': 'Liam Smith', 'reviewerEmail': 'liam.smith@x.dummyjson.com'}, {'rating': 1, 'comment': 'Very unhappy with my purchase!', 'date': '2025-04-30T09:41:02.053Z', 'reviewerName': 'Clara Berry', 'reviewerEmail': 'clara.berry@x.dummyjson.com'}], 'returnPolicy': 'No return policy', 'minimumOrderQuantity': 22, 'images': ['https://cdn.dummyjson.com/product-images/beauty/red-nail-polish/1.webp'], 'thumbnail': 'https://cdn.dummyjson.com/product-images/beauty/red-nail-polish/thumbnail.webp', 'dimensions.width': 21.63, 'dimensions.height': 16.48, 'dimensions.depth': 29.84, 'meta.createdAt': '2025-04-30T09:41:02.053Z', 'meta.updatedAt': '2025-04-30T09:41:02.053Z', 'meta.barcode': '4063010628104', 'meta.qrCode': 'https://cdn.dummyjson.com/public/qr-code.png'}, {'id': 20, 'title': 'Cooking Oil', 'description': 'Versatile cooking oil suitable for frying, saut√©ing, and various culinary applications.', 'category': 'groceries', 'price': 4.99, 'discountPercentage': 9.33, 'rating': 4.8, 'stock': 10, 'tags': ['cooking essentials'], 'brand': nan, 'sku': 'GRO-BRD-COO-020', 'weight': 5, 'warrantyInformation': 'Lifetime warranty', 'shippingInformation': 'Ships in 1-2 business days', 'availabilityStatus': 'In Stock', 'reviews': [{'rating': 5, 'comment': 'Very happy with my purchase!', 'date': '2025-04-30T09:41:02.053Z', 'reviewerName': 'Victoria McDonald', 'reviewerEmail': 'victoria.mcdonald@x.dummyjson.com'}, {'rating': 2, 'comment': 'Would not recommend!', 'date': '2025-04-30T09:41:02.053Z', 'reviewerName': 'Hazel Evans', 'reviewerEmail': 'hazel.evans@x.dummyjson.com'}, {'rating': 5, 'comment': 'Would buy again!', 'date': '2025-04-30T09:41:02.053Z', 'reviewerName': 'Zoe Bennett', 'reviewerEmail': 'zoe.bennett@x.dummyjson.com'}], 'returnPolicy': '30 days return policy', 'minimumOrderQuantity': 46, 'images': ['https://cdn.dummyjson.com/product-images/groceries/cooking-oil/1.webp'], 'thumbnail': 'https://cdn.dummyjson.com/product-images/groceries/cooking-oil/thumbnail.webp', 'dimensions.width': 19.95, 'dimensions.height': 27.54, 'dimensions.depth': 24.86, 'meta.createdAt': '2025-04-30T09:41:02.053Z', 'meta.updatedAt': '2025-04-30T09:41:02.053Z', 'meta.barcode': '4874727824518', 'meta.qrCode': 'https://cdn.dummyjson.com/public/qr-code.png'}, {'id': 24, 'title': 'Fish Steak', 'description': 'Quality fish steak, suitable for grilling, baking, or pan-searing.', 'category': 'groceries', 'price': 14.99, 'discountPercentage': 4.23, 'rating': 3.78, 'stock': 74, 'tags': ['seafood'], 'brand': nan, 'sku': 'GRO-BRD-FIS-024', 'weight': 6, 'warrantyInformation': '1 month warranty', 'shippingInformation': 'Ships in 3-5 business days', 'availabilityStatus': 'In Stock', 'reviews': [{'rating': 2, 'comment': 'Would not buy again!', 'date': '2025-04-30T09:41:02.053Z', 'reviewerName': 'Caleb Perkins', 'reviewerEmail': 'caleb.perkins@x.dummyjson.com'}, {'rating': 5, 'comment': 'Excellent quality!', 'date': '2025-04-30T09:41:02.053Z', 'reviewerName': 'Isabella Jackson', 'reviewerEmail': 'isabella.jackson@x.dummyjson.com'}, {'rating': 4, 'comment': 'Great value for money!', 'date': '2025-04-30T09:41:02.053Z', 'reviewerName': 'Nathan Dixon', 'reviewerEmail': 'nathan.dixon@x.dummyjson.com'}], 'returnPolicy': '60 days return policy', 'minimumOrderQuantity': 50, 'images': ['https://cdn.dummyjson.com/product-images/groceries/fish-steak/1.webp'], 'thumbnail': 'https://cdn.dummyjson.com/product-images/groceries/fish-steak/thumbnail.webp', 'dimensions.width': 14.95, 'dimensions.height': 26.31, 'dimensions.depth': 11.27, 'meta.createdAt': '2025-04-30T09:41:02.053Z', 'meta.updatedAt': '2025-04-30T09:41:02.053Z', 'meta.barcode': '9595036192098', 'meta.qrCode': 'https://cdn.dummyjson.com/public/qr-code.png'}]"
194,1,13.0,65529.87,,[]
200,1,6.0,172.24,,"[{'id': 19, 'title': 'Chicken Meat', 'description': 'Fresh and tender chicken meat, suitable for various culinary preparations.', 'category': 'groceries', 'price': 9.99, 'discountPercentage': 13.7, 'rating': 3.19, 'stock': 97, 'tags': ['meat'], 'brand': nan, 'sku': 'GRO-BRD-CHI-019', 'weight': 1, 'warrantyInformation': '1 year warranty', 'shippingInformation': 'Ships in 1 month', 'availabilityStatus': 'In Stock', 'reviews': [{'rating': 5, 'comment': 'Great product!', 'date': '2025-04-30T09:41:02.053Z', 'reviewerName': 'Mateo Bennett', 'reviewerEmail': 'mateo.bennett@x.dummyjson.com'}, {'rating': 4, 'comment': 'Highly recommended!', 'date': '2025-04-30T09:41:02.053Z', 'reviewerName': 'Jackson Evans', 'reviewerEmail': 'jackson.evans@x.dummyjson.com'}, {'rating': 3, 'comment': 'Not worth the price!', 'date': '2025-04-30T09:41:02.053Z', 'reviewerName': 'Sadie Morales', 'reviewerEmail': 'sadie.morales@x.dummyjson.com'}], 'returnPolicy': '7 days return policy', 'minimumOrderQuantity': 22, 'images': ['https://cdn.dummyjson.com/product-images/groceries/chicken-meat/1.webp', 'https://cdn.dummyjson.com/product-images/groceries/chicken-meat/2.webp'], 'thumbnail': 'https://cdn.dummyjson.com/product-images/groceries/chicken-meat/thumbnail.webp', 'dimensions.width': 11.03, 'dimensions.height': 22.11, 'dimensions.depth': 16.01, 'meta.createdAt': '2025-04-30T09:41:02.053Z', 'meta.updatedAt': '2025-04-30T09:41:02.053Z', 'meta.barcode': '8829514594521', 'meta.qrCode': 'https://cdn.dummyjson.com/public/qr-code.png'}]"
202,1,9.0,931.9100000000001,,[]
